6810,TestUser1,Password@123,1,KA 1,QA1,Blr 001,profile_user
6810,TestUser2,Password123*,1,KA 2,QA2,Blr 002,profile_admin
6810,TestUser3,Password@123,1,KA 3,QA3,Blr 003,profile_user
6810,TestUser4,Password123*,1,KA 4,QA4,Blr 004,profile_admin
6810,TestUser5,Password@123,1,KA 5,QA5,Blr 005,profile_user
6810,TestUser6,Password123*,1,KA 6,QA6,Blr 006,profile_admin
6810,TestUser7,Password@123,1,KA 7,QA7,Blr 007,profile_user
6810,TestUser8,Password123*,1,KA 8,QA8,Blr 008,profile_admin
6810,TestUser9,Password@123,1,KA 9,QA9,Blr 009,profile_user
6810,TestUser10,Password123*,1,KA 10,QA10,Blr 010,profile_admin
6810,TestUser11,Password@123,1,KA 11,QA11,Blr 011,profile_user
6810,TestUser12,Password123*,1,KA 12,QA12,Blr 012,profile_admin
6810,TestUser13,Password@123,1,KA 13,QA13,Blr 013,profile_user
6810,TestUser14,Password123*,1,KA 14,QA14,Blr 014,profile_admin
6810,TestUser15,Password@123,1,KA 15,QA15,Blr 015,profile_user
6810,TestUser16,Password123*,1,KA 16,QA16,Blr 016,profile_admin
6810,TestUser17,Password@123,1,KA 17,QA17,Blr 017,profile_user
6810,TestUser18,Password123*,1,KA 18,QA18,Blr 018,profile_admin
6810,TestUser19,Password@123,1,KA 19,QA19,Blr 019,profile_user
6810,TestUser20,Password123*,1,KA 20,QA20,Blr 020,profile_admin
6810,TestUser21,Password@123,1,KA 21,QA21,Blr 021,profile_user
6810,TestUser22,Password123*,1,KA 22,QA22,Blr 022,profile_admin
6810,TestUser23,Password@123,1,KA 23,QA23,Blr 023,profile_user
6810,TestUser24,Password123*,1,KA 24,QA24,Blr 024,profile_admin
6810,TestUser25,Password@123,1,KA 25,QA25,Blr 025,profile_user
6810,TestUser26,Password123*,1,KA 26,QA26,Blr 026,profile_admin
6810,TestUser27,Password@123,1,KA 27,QA27,Blr 027,profile_user
6810,TestUser28,Password123*,1,KA 28,QA28,Blr 028,profile_admin
6810,TestUser29,Password@123,1,KA 29,QA29,Blr 029,profile_user
6810,TestUser30,Password123*,1,KA 30,QA30,Blr 030,profile_admin
6810,TestUser31,Password@123,1,KA 31,QA31,Blr 031,profile_user
6810,TestUser32,Password123*,1,KA 32,QA32,Blr 032,profile_admin
6810,TestUser33,Password@123,1,KA 33,QA33,Blr 033,profile_user
6810,TestUser34,Password123*,1,KA 34,QA34,Blr 034,profile_admin
6810,TestUser35,Password@123,1,KA 35,QA35,Blr 035,profile_user
6810,TestUser36,Password123*,1,KA 36,QA36,Blr 036,profile_admin
6810,TestUser37,Password@123,1,KA 37,QA37,Blr 037,profile_user
6810,TestUser38,Password123*,1,KA 38,QA38,Blr 038,profile_admin
6810,TestUser39,Password@123,1,KA 39,QA39,Blr 039,profile_user
6810,TestUser40,Password123*,1,KA 40,QA40,Blr 040,profile_admin
6810,TestUser41,Password@123,1,KA 41,QA41,Blr 041,profile_user
6810,TestUser42,Password123*,1,KA 42,QA42,Blr 042,profile_admin
6810,TestUser43,Password@123,1,KA 43,QA43,Blr 043,profile_user
6810,TestUser44,Password123*,1,KA 44,QA44,Blr 044,profile_admin
6810,TestUser45,Password@123,1,KA 45,QA45,Blr 045,profile_user
6810,TestUser46,Password123*,1,KA 46,QA46,Blr 046,profile_admin
6810,TestUser47,Password@123,1,KA 47,QA47,Blr 047,profile_user
6810,TestUser48,Password123*,1,KA 48,QA48,Blr 048,profile_admin
6810,TestUser49,Password@123,1,KA 49,QA49,Blr 049,profile_user
6810,TestUser50,Password123*,1,KA 50,QA50,Blr 050,profile_admin